Model,Test Accuracy,Macro F1-Score,Weighted F1-Score
SimpleCNN,0.6872058194266153,0.7027864078265893,0.6855441328929442
ResNet,0.7633718442447582,0.7602981783390967,0.762124623944771
