{
  "overall": {
    "accuracy": 0.6625,
    "precision": 0.7008813607901931,
    "recall": 0.6625,
    "f1_score": 0.6624141803608838,
    "avg_confidence": 0.5791696949911331,
    "avg_processing_time": 0.17784972091515858,
    "total_samples": 240
  },
  "per_class": {
    "emotions": [
      "angry",
      "calm",
      "disgust",
      "fearful",
      "happy",
      "neutral",
      "sad",
      "surprised"
    ],
    "precision": [
      0.5833333333333334,
      0.9655172413793104,
      0.4,
      0.5882352941176471,
      0.6206896551724138,
      0.782608695652174,
      0.6666666666666666,
      1.0
    ],
    "recall": [
      0.7,
      0.9333333333333333,
      0.8,
      0.3333333333333333,
      0.6,
      0.6,
      0.4,
      0.9333333333333333
    ],
    "f1_score": [
      0.6363636363636364,
      0.9491525423728814,
      0.5333333333333333,
      0.425531914893617,
      0.6101694915254238,
      0.6792452830188679,
      0.5,
      0.9655172413793104
    ],
    "support": [
      30,
      30,
      30,
      30,
      30,
      30,
      30,
      30
    ]
  },
  "components": {
    "vocal_accuracy": 0.6666666666666666,
    "text_accuracy": 0.10416666666666667,
    "transcription_rate": 1.0,
    "successful_transcriptions": 240
  },
  "confusion_matrix": [
    [
      21,
      0,
      8,
      0,
      1,
      0,
      0,
      0
    ],
    [
      0,
      28,
      0,
      0,
      0,
      1,
      1,
      0
    ],
    [
      2,
      0,
      24,
      4,
      0,
      0,
      0,
      0
    ],
    [
      6,
      1,
      8,
      10,
      4,
      1,
      0,
      0
    ],
    [
      7,
      0,
      2,
      3,
      18,
      0,
      0,
      0
    ],
    [
      0,
      0,
      4,
      0,
      4,
      18,
      4,
      0
    ],
    [
      0,
      0,
      14,
      0,
      1,
      3,
      12,
      0
    ],
    [
      0,
      0,
      0,
      0,
      1,
      0,
      1,
      28
    ]
  ],
  "classification_report": {
    "angry": {
      "precision": 0.5833333333333334,
      "recall": 0.7,
      "f1-score": 0.6363636363636364,
      "support": 30.0
    },
    "calm": {
      "precision": 0.9655172413793104,
      "recall": 0.9333333333333333,
      "f1-score": 0.9491525423728814,
      "support": 30.0
    },
    "disgust": {
      "precision": 0.4,
      "recall": 0.8,
      "f1-score": 0.5333333333333333,
      "support": 30.0
    },
    "fearful": {
      "precision": 0.5882352941176471,
      "recall": 0.3333333333333333,
      "f1-score": 0.425531914893617,
      "support": 30.0
    },
    "happy": {
      "precision": 0.6206896551724138,
      "recall": 0.6,
      "f1-score": 0.6101694915254238,
      "support": 30.0
    },
    "neutral": {
      "precision": 0.782608695652174,
      "recall": 0.6,
      "f1-score": 0.6792452830188679,
      "support": 30.0
    },
    "sad": {
      "precision": 0.6666666666666666,
      "recall": 0.4,
      "f1-score": 0.5,
      "support": 30.0
    },
    "surprised": {
      "precision": 1.0,
      "recall": 0.9333333333333333,
      "f1-score": 0.9655172413793104,
      "support": 30.0
    },
    "accuracy": 0.6625,
    "macro avg": {
      "precision": 0.7008813607901931,
      "recall": 0.6625,
      "f1-score": 0.6624141803608838,
      "support": 240.0
    },
    "weighted avg": {
      "precision": 0.7008813607901931,
      "recall": 0.6625,
      "f1-score": 0.6624141803608838,
      "support": 240.0
    }
  }
}