{
  "training_history": {
    "train_losses": [
      1.8598953861079803,
      1.671868919917982,
      1.5804855023344901,
      1.5098337494347194,
      1.455172206441017,
      1.3871299293759751,
      1.332542947710377,
      1.2735311268535379,
      1.2118460689097235,
      1.1971258639472804,
      1.1597126546787888,
      1.136016141266039,
      1.1181416293121365,
      1.1116779442519358,
      1.0874453670766255,
      1.074919434851163,
      1.060704304135009,
      1.0405139512803456,
      1.0341484058801442,
      1.0211627667080867,
      1.0030116789961514,
      0.9979354296236822,
      1.0029624510709554,
      0.9693156170518431,
      0.9662081225685877,
      0.9424814032773449,
      0.9587990843678174,
      0.9336127130544349,
      0.9407729773897014,
      0.9135660986377768,
      0.910013295608024,
      0.8958293082167025,
      0.8720581543772188,
      0.8781681524155891,
      0.8786965339151147,
      0.8643601563287108,
      0.856089653727943,
      0.8427928494264002,
      0.8387692996287999,
      0.8336577906388126,
      0.8291012995863614,
      0.8170815583777754,
      0.816083356533965,
      0.7907236243968141,
      0.7910369133500204,
      0.7850290014319223,
      0.7811308415376976,
      0.7671218822671942,
      0.7643515577871506,
      0.7607945281348817
    ],
    "train_accuracies": [
      21.810787671232877,
      30.02996575342466,
      33.74357876712329,
      37.87457191780822,
      40.40025684931507,
      44.017551369863014,
      46.74657534246575,
      49.36857876712329,
      52.696917808219176,
      53.478167808219176,
      55.06207191780822,
      55.47945205479452,
      56.699486301369866,
      56.93493150684932,
      58.144263698630134,
      58.476027397260275,
      59.76027397260274,
      59.91010273972603,
      61.11943493150685,
      60.6271404109589,
      61.96489726027397,
      61.93279109589041,
      61.51541095890411,
      63.40967465753425,
      63.709332191780824,
      64.09460616438356,
      63.53809931506849,
      64.75813356164383,
      64.62970890410959,
      65.61429794520548,
      65.83904109589041,
      66.08518835616438,
      67.35873287671232,
      67.19820205479452,
      67.52996575342466,
      67.32662671232876,
      68.45034246575342,
      68.4931506849315,
      69.12457191780823,
      68.71789383561644,
      69.03895547945206,
      69.34931506849315,
      69.88441780821918,
      70.74058219178082,
      70.49443493150685,
      70.6763698630137,
      70.84760273972603,
      71.90710616438356,
      71.85359589041096,
      72.19606164383562
    ],
    "val_losses": [
      1.9953438752406352,
      2.8698837853766777,
      1.5622649708309688,
      1.45736132119153,
      1.3432497672132544,
      1.2911454922444112,
      1.4299948247703347,
      1.166763821163693,
      1.2119284787693538,
      3.235139782364304,
      1.0530551027607273,
      1.0398616790771484,
      1.133076530856055,
      0.9981189128514882,
      1.0402821463507574,
      0.9896960918967789,
      0.985054877964226,
      1.003219214645592,
      1.2179252730833519,
      1.2702091368469033,
      1.0503691193219777,
      1.115436982464146,
      1.054439594616761,
      1.1037546138505678,
      0.9550579641316388,
      0.9508327986742999,
      0.9024442498748367,
      0.985435837023967,
      1.0773284757459485,
      0.9155483165302792,
      0.9059189413044904,
      1.1622151893538397,
      0.951120684275756,
      0.8876353292851835,
      0.9270850774404165,
      0.8845562226063496,
      0.8885041733045835,
      0.8367566015269305,
      0.935484178968378,
      0.8851730066376764,
      0.8747234972747596,
      0.9577974338789244,
      0.8527176541251105,
      0.8819449543952942,
      0.8604697891183801,
      0.9135150700002104,
      0.9241537806150075,
      0.852391401658187,
      0.8645416812316792,
      0.9014174648233362
    ],
    "val_accuracies": [
      17.536355859709154,
      22.668947818648416,
      33.532934131736525,
      41.14627887082977,
      47.048759623609925,
      48.67408041060736,
      43.199315654405474,
      52.780153977758765,
      51.83917878528657,
      25.064157399486742,
      57.05731394354149,
      59.79469632164243,
      54.57656116338751,
      60.47904191616767,
      59.709153122326775,
      61.76218990590248,
      62.01881950384944,
      61.33447390932421,
      57.31394354148845,
      55.26090675791274,
      60.82121471343028,
      59.02480752780154,
      60.65012831479898,
      60.2224123182207,
      63.47305389221557,
      64.1573994867408,
      65.86826347305389,
      63.64414029084688,
      60.65012831479898,
      64.84174508126604,
      63.9863130881095,
      58.68263473053892,
      64.75620188195039,
      67.75021385799829,
      66.46706586826348,
      66.12489307100086,
      67.15141146278872,
      67.92130025662959,
      63.90076988879384,
      67.32249786142002,
      67.15141146278872,
      64.32848588537212,
      68.60564585115483,
      67.49358426005132,
      68.09238665526091,
      66.55260906757913,
      64.67065868263474,
      69.20444824636441,
      67.83575705731394,
      66.72369546621043
    ],
    "best_val_accuracy": 69.20444824636441
  },
  "test_results": {
    "test_accuracy": 67.15141146278872,
    "classification_report": {
      "angry": {
        "precision": 0.8023952095808383,
        "recall": 0.7165775401069518,
        "f1-score": 0.7570621468926554,
        "support": 187.0
      },
      "calm": {
        "precision": 0.5333333333333333,
        "recall": 0.8421052631578947,
        "f1-score": 0.6530612244897959,
        "support": 19.0
      },
      "disgust": {
        "precision": 0.8317757009345794,
        "recall": 0.478494623655914,
        "f1-score": 0.6075085324232082,
        "support": 186.0
      },
      "fearful": {
        "precision": 0.5603112840466926,
        "recall": 0.7700534759358288,
        "f1-score": 0.6486486486486487,
        "support": 187.0
      },
      "happy": {
        "precision": 0.5245283018867924,
        "recall": 0.7433155080213903,
        "f1-score": 0.6150442477876106,
        "support": 187.0
      },
      "neutral": {
        "precision": 0.7586206896551724,
        "recall": 0.6962025316455697,
        "f1-score": 0.7260726072607261,
        "support": 158.0
      },
      "sad": {
        "precision": 0.7058823529411765,
        "recall": 0.5161290322580645,
        "f1-score": 0.5962732919254659,
        "support": 186.0
      },
      "surprised": {
        "precision": 0.9193548387096774,
        "recall": 0.9661016949152542,
        "f1-score": 0.9421487603305785,
        "support": 59.0
      },
      "accuracy": 0.6715141146278871,
      "macro avg": {
        "precision": 0.7045252138860327,
        "recall": 0.7161224587121084,
        "f1-score": 0.6932274324698362,
        "support": 1169.0
      },
      "weighted avg": {
        "precision": 0.7041528165652615,
        "recall": 0.6715141146278871,
        "f1-score": 0.6710855641602783,
        "support": 1169.0
      }
    }
  },
  "data_split": {
    "train_size": 9344,
    "val_size": 1169,
    "test_size": 1169
  },
  "hyperparameters": {
    "epochs": 50,
    "batch_size": 32,
    "learning_rate": 0.001
  },
  "timestamp": "20250906_230232"
}