Emotion,Precision,Recall,F1-Score,Support
angry,0.8384615384615385,0.8766756032171582,0.8571428571428571,373
calm,0.5079365079365079,0.8421052631578947,0.6336633663366337,38
disgust,0.7346938775510204,0.7721179624664879,0.7529411764705882,373
fearful,0.7626582278481012,0.646112600536193,0.6995645863570392,373
happy,0.7673130193905817,0.7426273458445041,0.7547683923705722,373
neutral,0.7692307692307693,0.7911392405063291,0.7800312012480499,316
sad,0.7175141242937854,0.6809651474530831,0.6987620357634112,373
surprised,0.8455882352941176,0.9745762711864406,0.905511811023622,118
