Emotion,Precision,Recall,F1-Score,Support
angry,0.7427184466019418,0.8203753351206434,0.7796178343949045,373
calm,0.5686274509803921,0.7631578947368421,0.651685393258427,38
disgust,0.7231833910034602,0.5603217158176944,0.6314199395770392,373
fearful,0.6569767441860465,0.6058981233243967,0.6304044630404463,373
happy,0.7192429022082019,0.6112600536193029,0.6608695652173913,373
neutral,0.6418732782369146,0.7373417721518988,0.6863033873343152,316
sad,0.597752808988764,0.7131367292225201,0.6503667481662592,373
surprised,0.9396551724137931,0.923728813559322,0.9316239316239316,118
