{
  "ensemble": {
    "overall": {
      "accuracy": 0.6908063687724705,
      "precision": 0.7283307371704462,
      "recall": 0.6908063687724705,
      "f1_score": 0.6861021747610752,
      "avg_confidence": 0.6519116851917692,
      "avg_processing_time": 0.20640924521411777,
      "total_samples": 11682
    },
    "per_class": {
      "emotions": [
        "angry",
        "calm",
        "disgust",
        "fearful",
        "happy",
        "neutral",
        "sad",
        "surprised"
      ],
      "precision": [
        0.6969953449005502,
        0.5714285714285714,
        0.5186161449752883,
        0.819632881085395,
        0.8472906403940886,
        0.7966616084977238,
        0.6996996996996997,
        0.7834912043301759
      ],
      "recall": [
        0.8840579710144928,
        0.875,
        0.844873859366613,
        0.5512614063338701,
        0.46162104133118625,
        0.6632975363234365,
        0.6253354804079442,
        0.9780405405405406
      ],
      "f1_score": [
        0.779460482725982,
        0.691358024691358,
        0.6427113107390772,
        0.6591784338896021,
        0.5976372480889507,
        0.7238883143743536,
        0.6604308390022676,
        0.8700225394440271
      ],
      "support": [
        1863,
        192,
        1863,
        1863,
        1863,
        1583,
        1863,
        592
      ]
    },
    "confusion_matrix": [
      [
        1647,
        1,
        170,
        12,
        16,
        8,
        2,
        7
      ],
      [
        0,
        168,
        5,
        0,
        0,
        14,
        4,
        1
      ],
      [
        125,
        1,
        1574,
        28,
        17,
        28,
        84,
        6
      ],
      [
        130,
        15,
        274,
        1027,
        72,
        27,
        291,
        27
      ],
      [
        411,
        4,
        284,
        79,
        860,
        89,
        29,
        107
      ],
      [
        38,
        21,
        345,
        6,
        31,
        1050,
        88,
        4
      ],
      [
        9,
        84,
        378,
        101,
        17,
        101,
        1165,
        8
      ],
      [
        3,
        0,
        5,
        0,
        2,
        1,
        2,
        579
      ]
    ],
    "classification_report": {
      "angry": {
        "precision": 0.6969953449005502,
        "recall": 0.8840579710144928,
        "f1-score": 0.779460482725982,
        "support": 1863.0
      },
      "calm": {
        "precision": 0.5714285714285714,
        "recall": 0.875,
        "f1-score": 0.691358024691358,
        "support": 192.0
      },
      "disgust": {
        "precision": 0.5186161449752883,
        "recall": 0.844873859366613,
        "f1-score": 0.6427113107390772,
        "support": 1863.0
      },
      "fearful": {
        "precision": 0.819632881085395,
        "recall": 0.5512614063338701,
        "f1-score": 0.6591784338896021,
        "support": 1863.0
      },
      "happy": {
        "precision": 0.8472906403940886,
        "recall": 0.46162104133118625,
        "f1-score": 0.5976372480889507,
        "support": 1863.0
      },
      "neutral": {
        "precision": 0.7966616084977238,
        "recall": 0.6632975363234365,
        "f1-score": 0.7238883143743536,
        "support": 1583.0
      },
      "sad": {
        "precision": 0.6996996996996997,
        "recall": 0.6253354804079442,
        "f1-score": 0.6604308390022676,
        "support": 1863.0
      },
      "surprised": {
        "precision": 0.7834912043301759,
        "recall": 0.9780405405405406,
        "f1-score": 0.8700225394440271,
        "support": 592.0
      },
      "accuracy": 0.6908063687724705,
      "macro avg": {
        "precision": 0.7167270119139366,
        "recall": 0.7354359794147605,
        "f1-score": 0.7030858991194523,
        "support": 11682.0
      },
      "weighted avg": {
        "precision": 0.7283307371704462,
        "recall": 0.6908063687724705,
        "f1-score": 0.6861021747610752,
        "support": 11682.0
      }
    },
    "stt_analysis": {
      "transcription_rate": 0.9999143982194829,
      "successful_transcriptions": 11681
    }
  },
  "resnet": {
    "overall": {
      "accuracy": 0.6901215545283342,
      "precision": 0.7296436582321296,
      "recall": 0.6901215545283342,
      "f1_score": 0.6858512354608511,
      "avg_confidence": 0.7376578579902485,
      "avg_processing_time": 0.0077589224552663295,
      "total_samples": 11682
    },
    "per_class": {
      "emotions": [
        "angry",
        "calm",
        "disgust",
        "fearful",
        "happy",
        "neutral",
        "sad",
        "surprised"
      ],
      "precision": [
        0.695193929173693,
        0.57,
        0.5145187601957586,
        0.8201438848920863,
        0.8409311348205626,
        0.8265472312703583,
        0.6937573616018846,
        0.7856173677069199
      ],
      "recall": [
        0.8851315083199142,
        0.890625,
        0.846484165324745,
        0.5507246376811594,
        0.46537842190016104,
        0.6411876184459886,
        0.6323134728931831,
        0.9780405405405406
      ],
      "f1_score": [
        0.7787485242030696,
        0.6951219512195121,
        0.6400162337662337,
        0.6589595375722543,
        0.5991706979958535,
        0.7221629313411597,
        0.6616119067677618,
        0.871331828442438
      ],
      "support": [
        1863,
        192,
        1863,
        1863,
        1863,
        1583,
        1863,
        592
      ]
    },
    "confusion_matrix": [
      [
        1649,
        1,
        172,
        12,
        15,
        4,
        3,
        7
      ],
      [
        0,
        171,
        5,
        0,
        0,
        10,
        5,
        1
      ],
      [
        125,
        1,
        1577,
        29,
        16,
        22,
        87,
        6
      ],
      [
        130,
        14,
        275,
        1026,
        77,
        19,
        297,
        25
      ],
      [
        414,
        5,
        288,
        80,
        867,
        72,
        31,
        106
      ],
      [
        41,
        23,
        361,
        6,
        37,
        1015,
        95,
        5
      ],
      [
        10,
        85,
        382,
        98,
        17,
        85,
        1178,
        8
      ],
      [
        3,
        0,
        5,
        0,
        2,
        1,
        2,
        579
      ]
    ],
    "classification_report": {
      "angry": {
        "precision": 0.695193929173693,
        "recall": 0.8851315083199142,
        "f1-score": 0.7787485242030696,
        "support": 1863.0
      },
      "calm": {
        "precision": 0.57,
        "recall": 0.890625,
        "f1-score": 0.6951219512195121,
        "support": 192.0
      },
      "disgust": {
        "precision": 0.5145187601957586,
        "recall": 0.846484165324745,
        "f1-score": 0.6400162337662337,
        "support": 1863.0
      },
      "fearful": {
        "precision": 0.8201438848920863,
        "recall": 0.5507246376811594,
        "f1-score": 0.6589595375722543,
        "support": 1863.0
      },
      "happy": {
        "precision": 0.8409311348205626,
        "recall": 0.46537842190016104,
        "f1-score": 0.5991706979958535,
        "support": 1863.0
      },
      "neutral": {
        "precision": 0.8265472312703583,
        "recall": 0.6411876184459886,
        "f1-score": 0.7221629313411597,
        "support": 1583.0
      },
      "sad": {
        "precision": 0.6937573616018846,
        "recall": 0.6323134728931831,
        "f1-score": 0.6616119067677618,
        "support": 1863.0
      },
      "surprised": {
        "precision": 0.7856173677069199,
        "recall": 0.9780405405405406,
        "f1-score": 0.871331828442438,
        "support": 592.0
      },
      "accuracy": 0.6901215545283342,